id,author,date,hashtags,text,referenced,in_reply_to_user_id,public_metrics
1520479569970618369,782436559467360257,2022-04-30 19:05:53+00:00,,"RT @GValimont: Dear @BrunoMars

Both my son Eli, and husband Brian, recently died. You were my son's favorite musician.

A friend of mine iâ€¦",[<ReferencedTweet id=1520478320961404930 type=retweeted],,
1520168776028798981,782436559467360257,2022-04-29 22:30:54+00:00,,"RT @TitusNation: Hey @RonDeSantisFL cartoons also taught us that if you ate healthy, you could beat up misogynistic bullies and get all theâ€¦",[<ReferencedTweet id=1520163636920135682 type=retweeted],,
1520167703524294656,782436559467360257,2022-04-29 22:26:38+00:00,,"RT @arborday: 1 planet. 1 day. 1 retweet. Thatâ€™s all it takes to put trees in the ground. When you retweet THIS tweet, you are helping @KCCâ€¦",[<ReferencedTweet id=1520022843697868801 type=retweeted],,
1519768399156502529,782436559467360257,2022-04-28 19:59:56+00:00,,RT @AnnieAndrewsMD: Today I stood w/ scared and frustrated Lowcountry parents at the baseball field in N. Charleston where gunshots went ofâ€¦,[<ReferencedTweet id=1519765975566012422 type=retweeted],,
1519761861532602373,782436559467360257,2022-04-28 19:33:58+00:00,,RT @MichaelCohen212: This is just total bullshit! RT if you agreeâ€¦Manhattan DA to let grand jury expire despite prosecutor concluding #Trumâ€¦,[<ReferencedTweet id=1519706389303672833 type=retweeted],,
1519730047950729217,782436559467360257,2022-04-28 17:27:33+00:00,moleg,RT @MoRepMackey: Dear @MissouriChamber and @MOAFLCIO: why did we talk about transgender kids again today? Ask @MissouriGOP. #moleg,[<ReferencedTweet id=1519729633394106368 type=retweeted],,
1519495486323015684,782436559467360257,2022-04-28 01:55:29+00:00,,RT @GregoryOnRoad: @ltgrusselhonore @NATO @SecDef @POTUS @VP @MSNBC @MalcolmNance @CNN @gpward72 Interesting I see some mentions if the M14â€¦,[<ReferencedTweet id=1519474880944779264 type=retweeted],,
1518709481122766850,782436559467360257,2022-04-25 21:52:11+00:00,"florida,internet","RT @meljewell91: Dear @Xfinity and @elonmusk please fix Floridaâ€™s internet. Sincerely, a VERY bored Floridian. #florida #internet #daddyeloâ€¦",[<ReferencedTweet id=1518693188688621568 type=retweeted],,
1518313080308084737,782436559467360257,2022-04-24 19:37:01+00:00,NC09,"RT @JoeBrunoWSOC9: McCrae Dowless, the man who was the center of the #NC09 election fraud investigation, died this morning, his attorney teâ€¦",[<ReferencedTweet id=1518307099327049730 type=retweeted],,
1518311042199216130,782436559467360257,2022-04-24 19:28:55+00:00,RonDesantis,"RT @BetteMidler: #RonDesantis is a jackass.  He won by 32,000 votes, and Disney employs 77,000 people.  Do the rest of the math. https://t.â€¦",[<ReferencedTweet id=1518307595530170368 type=retweeted],,
1518281583651962881,782436559467360257,2022-04-24 17:31:52+00:00,"Ukraine,FckPutin,SlavaUkraine","RT @CivMilAir: Day in, day out,hour by hour... Turkey - proudly supporting Russian genocide in #Ukraine

#FckPutin ðŸ–• #SlavaUkraine ðŸ‡ºðŸ‡¦",[<ReferencedTweet id=1518259216577925122 type=retweeted],,
1518278087779172352,782436559467360257,2022-04-24 17:17:59+00:00,,"RT @InnaSovsun: Valeria and her 3,5-month-old daughter Kira...
Yesterday they were killed when a ðŸ‡·ðŸ‡ºcruise missile hit an apartment buildingâ€¦",[<ReferencedTweet id=1518141014304862208 type=retweeted],,
1518252611060838401,782436559467360257,2022-04-24 15:36:44+00:00,,RT @QasimRashid: Bijan Ghaisar was unarmed when police shot &amp; killed him. And despite a grand jury indictmentâ€”VA GOP AG @JasonMiyaresVA isâ€¦,[<ReferencedTweet id=1517989655169449986 type=retweeted],,
1517961501033828352,782436559467360257,2022-04-23 20:19:58+00:00,LGBTQ,RT @AnnaForFlorida: Governor DeSantis doesnâ€™t want you to know that his petty attack on Disney for defending #LGBTQ+ kids is going to raiseâ€¦,[<ReferencedTweet id=1517870461434085376 type=retweeted],,
1517945733600755712,782436559467360257,2022-04-23 19:17:19+00:00,foxconn,RT @IronStache: You should visit Racine county where #foxconn will screw over an entire community for decades!,[<ReferencedTweet id=1517940908909551616 type=retweeted],,
1517937166034386945,782436559467360257,2022-04-23 18:43:16+00:00,,"RT @avalaina: ""We haven't seen the sun for two months already. To eat and drink sweet tea - for happiness. Stocks are running out - we won'â€¦",[<ReferencedTweet id=1517931708045312000 type=retweeted],,
1517925104180682757,782436559467360257,2022-04-23 17:55:21+00:00,,"RT @NPRResist: 'l0Seanâ€™s mugâ€™. Designed in Ukraine. Made in USA. Read about Sean here. https://t.co/AzNHmRgBt3â€¦ 

Friends abroad SHOP httpsâ€¦",[<ReferencedTweet id=1517861850104451074 type=retweeted],,
1517915335986454531,782436559467360257,2022-04-23 17:16:32+00:00,TermLimits,"RT @NotDevinsMom: Congress shouldnâ€™t be an old folks home or hospice. 
#TermLimits",[<ReferencedTweet id=1517911818945155073 type=retweeted],,
1517720672289632256,782436559467360257,2022-04-23 04:23:00+00:00,NoBannedBooks,"RT @LeviFetterman: .@BKLYNlibrary ftw any teenager anywhere get a card

#NoBannedBooks",[<ReferencedTweet id=1517718169636556801 type=retweeted],,
1517498713601622020,782436559467360257,2022-04-22 13:41:01+00:00,EarthDay,RT @GretaThunberg: School strike week 192. This is not a â€œhappy earth dayâ€. It never has been. #EarthDay has turned into an opportunity forâ€¦,[<ReferencedTweet id=1517390581303021568 type=retweeted],,
1517221885129502720,782436559467360257,2022-04-21 19:21:00+00:00,,"RT @Laurie_Garrett: The U.S. inflation rate is a dismal 8.5%.
Bad as that is, it's far worse in  medicine. Even before the 2022 inflationâ€¦",[<ReferencedTweet id=1517214474410864641 type=retweeted],,
1517215895994748929,782436559467360257,2022-04-21 18:57:12+00:00,,"RT @AVindman: 100,000 people fleeing war in Ukraine can find refuge in the U.S. with support from a U.S. citizen or legally-residing resideâ€¦",[<ReferencedTweet id=1517215657045147651 type=retweeted],,
1517214459785326596,782436559467360257,2022-04-21 18:51:30+00:00,Mariupol,RT @hwag_ucmc: â—ï¸#Mariupol city council reports that RU occupiers are burying the killed residents of the city in mass graves on the outskiâ€¦,[<ReferencedTweet id=1517159671194263554 type=retweeted],,
1517206891176333312,782436559467360257,2022-04-21 18:21:25+00:00,DeathSantis,RT @Amy_Siskind: Florida residents:  you can thank Gov #DeathSantis and Florida Republicans for the tax hike. Make sure to vote blue in Novâ€¦,[<ReferencedTweet id=1517194497049907200 type=retweeted],,
1517202517343490048,782436559467360257,2022-04-21 18:04:03+00:00,RussianArmy,"RT @olex_scherba: #RussianArmy intercept. 

- They gave me a medal. 25 civilians were driving on a bus. Killed them all. 
- Yeah? And I metâ€¦",[<ReferencedTweet id=1517139158032011266 type=retweeted],,
1516512013219938309,782436559467360257,2022-04-19 20:20:14+00:00,DeathSantis,"RT @Amy_Siskind: Dear Floridians,

Please rid us of all #DeathSantis and Little Marco in 6 1/2 months.  You can do this!",[<ReferencedTweet id=1516505036066639879 type=retweeted],,
1516499765890101259,782436559467360257,2022-04-19 19:31:34+00:00,,RT @LanaResists: @BrianKarem @jadeecee1 â€œNames and contact details of 620 Russian spies who are registered to work at the Moscow office ofâ€¦,[<ReferencedTweet id=1516164162686136324 type=retweeted],,
1516494148404191247,782436559467360257,2022-04-19 19:09:14+00:00,,RT @DrEricDing: Soâ€”When airlines start cancelling &amp; delaying flights âœˆï¸ &amp; delaying luggage ðŸ§³â€” whoâ€™s gonna suffer the most? Passengers. Whenâ€¦,[<ReferencedTweet id=1516490488429350916 type=retweeted],,
1516493727447060489,782436559467360257,2022-04-19 19:07:34+00:00,DeSantis,"RT @Harryslaststand: You know, Vladimir Putin's govt is about as left as Florida Governor's #DeSantis govt.",[<ReferencedTweet id=1515322796049641476 type=retweeted],,
1516488469442408450,782436559467360257,2022-04-19 18:46:40+00:00,,"RT @DoYouEvenLif: Well, since I've snapped some lucky shots recently, Iâ€™m going to attempt to transfer some of that luck to you guys. ðŸ‘‡

ITâ€¦",[<ReferencedTweet id=1516371411673227264 type=retweeted],,
1516485418010742788,782436559467360257,2022-04-19 18:34:33+00:00,FreeBacon,"RT @JimmyDean: Maybe you got a tax refund, maybe not. Either way, you deserve #FreeBacon. Retweet this post for a chance to win premium bacâ€¦",[<ReferencedTweet id=1512471718710943750 type=retweeted],,
1516482736063717382,782436559467360257,2022-04-19 18:23:53+00:00,,RT @BillyCorben: The @CityofMiami is about to get f*cked on the biggest real estate deal in Miami history. @InterMiamiCF's stadium scheme iâ€¦,[<ReferencedTweet id=1516408561546444801 type=retweeted],,
1516482588097269761,782436559467360257,2022-04-19 18:23:18+00:00,DeSatan,@orlandosentinel Unfortunate but certainly canâ€™t blame him after #DeSatan &amp; his lap dog Ladapo have made fun of him for doing his job &amp; severely restricted his ability to do his job. Dr Pino is highly respected amongst his actual peers. Sad.,[<ReferencedTweet id=1516477273481768963 type=replied_to],1429761,
1515769421192695823,782436559467360257,2022-04-17 19:09:26+00:00,,"RT @WELLNESSxAll: STILL no announcement re: when PUBLIC HEARINGS will begin, &amp; NOW Congress is going on their 2wk Spring Break, &amp; then soonâ€¦",[<ReferencedTweet id=1512465231133425667 type=retweeted],,
1515736755672076292,782436559467360257,2022-04-17 16:59:38+00:00,SovietFlorida,"RT @CathyNotToday: In #SovietFlorida, asking questions of Gov is verboten 

 @grantstern @tomaskenn well done ! 

This state has sunk to anâ€¦",[<ReferencedTweet id=1515668351418257409 type=retweeted],,
1515736033375236096,782436559467360257,2022-04-17 16:56:46+00:00,,"RT @chefjoseandres: To everyone caring and sending good wishes to the team in Kharkiv, thank you, the injured are fine, and everyone is reaâ€¦",[<ReferencedTweet id=1515649628804292614 type=retweeted],,
1515733408097439745,782436559467360257,2022-04-17 16:46:20+00:00,,"RT @SpencerGuard: My ""Mini-Manual for the Urban Defender,"" I hope it can still help all those that continue to fight, are ready to fight! Aâ€¦",[<ReferencedTweet id=1515691283188170752 type=retweeted],,
1515722032826179603,782436559467360257,2022-04-17 16:01:08+00:00,,"RT @thereidout: In this edition of ""The Absolute Worst,"" @JoyAnnReid sets University of Pennsylvania law professor Amy Wax straight, afterâ€¦",[<ReferencedTweet id=1515655097539252228 type=retweeted],,
1515714819843891209,782436559467360257,2022-04-17 15:32:28+00:00,,"RT @WeHearPodcast: I spoke to young women today who had no idea that before 1974, a woman had no autonomy over her own body. No ability toâ€¦",[<ReferencedTweet id=1515514828617654278 type=retweeted],,
1515433142559117316,782436559467360257,2022-04-16 20:53:11+00:00,VoteBlueIn2022,RT @rachel_maria65: @New_Narrative @MalcolmNance Thereâ€™s still more of us than there are of them. All yâ€™all gotta #VoteBlueIn2022 up &amp; downâ€¦,[<ReferencedTweet id=1515420332529651713 type=retweeted],,
1515424681481883651,782436559467360257,2022-04-16 20:19:33+00:00,NSC,"RT @ltgrusselhonore: Please @POTUS @VP stop listening to your #NSC they are risk averse and timid , they manage trying to prevent a lost ,â€¦",[<ReferencedTweet id=1515424226660040704 type=retweeted],,
1515413324539772932,782436559467360257,2022-04-16 19:34:26+00:00,,RT @NotDevinsMom: We passed the point of no return on climate change and it wasnâ€™t even a blip on anyones radar. Everyone is ignoring it anâ€¦,[<ReferencedTweet id=1515393653858000901 type=retweeted],,
1515052531306610688,782436559467360257,2022-04-15 19:40:46+00:00,,"RT @Cajsa: @dsimons1 @kelly2277 793 #RepublicanSexualPredators 

Ronnie Hale, Republican Alderman in Southaven, MS, pleaded guilty to transâ€¦",[<ReferencedTweet id=1514324566327275527 type=retweeted],,
1514683953508196365,782436559467360257,2022-04-14 19:16:10+00:00,,RT @hypernorth: @JohnsonAttlee @TheRealHoarse He grew up 1 mile from us in an upper-middle class suburb of Pretoria. He attended secondaryâ€¦,[<ReferencedTweet id=1514681021513482249 type=retweeted],,
1514668240072581128,782436559467360257,2022-04-14 18:13:44+00:00,Shanghai,"RT @disclosetv: NEW - Police use increasingly brutal force to enforce the Communist Party quarantine orders in #Shanghai.

https://t.co/Z3Eâ€¦",[<ReferencedTweet id=1514647426375815168 type=retweeted],,
1514660578895220743,782436559467360257,2022-04-14 17:43:17+00:00,,"RT @innocence: ""We, as members of the Texas Senate, urge you to recommend that @GregAbbott_TX cancel Melissa Lucioâ€™s execution,"" said the lâ€¦",[<ReferencedTweet id=1514655834097258498 type=retweeted],,
1514658624521613316,782436559467360257,2022-04-14 17:35:31+00:00,,"RT @Sblahov: I am passionate about my job, but the absolute worst part of it is having to deliver the news to a disabled person on SSDI thaâ€¦",[<ReferencedTweet id=1514644173189754880 type=retweeted],,
1514313888996728835,782436559467360257,2022-04-13 18:45:40+00:00,,"RT @FindMeghan: Please retweet to help find my sister, Meghan Marohn. Meghan is a high school teacher and missing since 3/27/2022, last seeâ€¦",[<ReferencedTweet id=1513205084263358467 type=retweeted],,
1513962003517300736,782436559467360257,2022-04-12 19:27:24+00:00,IColorMyselfDifferent,RT @earmdr2123: We enjoyed this amazing bookâ€¦Great Job @Kaepernick7 #IColorMyselfDifferent https://t.co/QdFtrdoFrJ,[<ReferencedTweet id=1513561776935297041 type=retweeted],,
1513621065578205184,782436559467360257,2022-04-11 20:52:38+00:00,Putin,"RT @Laurie_Garrett: Alright, World -- #Putin has crossed that red line, using a weapon of mass destruction. NOW what will you do?
Russian fâ€¦",[<ReferencedTweet id=1513616797018345477 type=retweeted],,
1513580929964515331,782436559467360257,2022-04-11 18:13:09+00:00,,"RT @girlsreallyrule: On April 11th, thousands of Etsy shops have committed to going into vacation mode, suspending sales for a little overâ€¦",[<ReferencedTweet id=1513534823402516484 type=retweeted],,
1513186376988205061,782436559467360257,2022-04-10 16:05:20+00:00,Shanghai,RT @DrEricDing: Residents in #Shanghai screaming from high rise apartments after 7 straight days of the city lockdown. The narrator worriesâ€¦,[<ReferencedTweet id=1512974880463114241 type=retweeted],,
1513178736300113921,782436559467360257,2022-04-10 15:34:58+00:00,GirlDad,"RT @JonesForAR: My name is Chris Jones. Iâ€™m a physicist, minister, #GirlDad, and alum of MIT and NASA. Iâ€™m running against Sarah Huckabee Sâ€¦",[<ReferencedTweet id=1513172957228670977 type=retweeted],,
1512887769160429578,782436559467360257,2022-04-09 20:18:46+00:00,,RT @DrEricDing: DC epidemic surge is getting worse. Iâ€™m glad @Georgetown recognizes they have to change course and reinstate protection befâ€¦,[<ReferencedTweet id=1512884397518856194 type=retweeted],,
1512882274727075849,782436559467360257,2022-04-09 19:56:56+00:00,ForbesBillionaires,RT @Forbes: All of America's top 10 richest billionaires are men. Here's who made the list: https://t.co/Bc8AQgXL9b #ForbesBillionaires httâ€¦,[<ReferencedTweet id=1512875564956270599 type=retweeted],,
1512881869221769224,782436559467360257,2022-04-09 19:55:20+00:00,,"RT @SPBMcKenna: @Jim_Jordan ðŸ”¥ Watch. Follow. Donate. Retweet.

Ohio deserves better than @Jim_Jordan

Follow @Sites4Congress and HELP Jeffâ€¦",[<ReferencedTweet id=1512600198509334530 type=retweeted],,
1512880301667758091,782436559467360257,2022-04-09 19:49:06+00:00,CoalBaronBlockade,RT @WV_Rising: UPDATE: Arrests have started at #CoalBaronBlockade where weâ€™re blockading the coal plant burning Joe Manchinâ€™s coal waste.â€¦,[<ReferencedTweet id=1512851459938955265 type=retweeted],,
1512862865702666244,782436559467360257,2022-04-09 18:39:49+00:00,DontSayGay,The origin of @GovRonDeSantis #DontSayGay bill has been found! https://t.co/FEUoszL0Hi,[<ReferencedTweet id=1512850529977782279 type=quoted],,
1512840103839809543,782436559467360257,2022-04-09 17:09:22+00:00,Borodyanka,"RT @kiraincongress: Small town of #Borodyanka is destroyed. Firefighters are looking for people under the blockage.
That reminded me of picâ€¦",[<ReferencedTweet id=1512831033158389768 type=retweeted],,
1512560727990714373,782436559467360257,2022-04-08 22:39:14+00:00,HandmaidenTale,RT @DrJasonJohnson: The Texas #HandmaidenTale has begun.....And notice it's a non-white woman who will bear the brunt of these ridiculous lâ€¦,[<ReferencedTweet id=1512552079696404480 type=retweeted],,
1512144078976258053,782436559467360257,2022-04-07 19:03:37+00:00,,RT @mayawiley: 2 of the former police officers who stormed out Capitol to stop our democratic election and the peaceful transfer of power iâ€¦,[<ReferencedTweet id=1512133378685997056 type=retweeted],,
1512135258833141761,782436559467360257,2022-04-07 18:28:34+00:00,,"RT @jennycohn1: In 2017, @RepMattGaetz â€œcast the only vote against a human trafficking bill.â€ He is now â€œunder investigation on suspicion oâ€¦",[<ReferencedTweet id=1512128356703096844 type=retweeted],,
1511412786961788931,782436559467360257,2022-04-05 18:37:43+00:00,Wisconsin,RT @IronStache: .@wisgop Assembly @SpeakerVos found in contempt of court for fleecing #Wisconsin voters of hundreds of thousands of tax dolâ€¦,[<ReferencedTweet id=1511405315643826176 type=retweeted],,
1511061917175107588,782436559467360257,2022-04-04 19:23:29+00:00,BuchaMassacre,RT @OlenaHalushka: New photos of #BuchaMassacre. All these people were tortured. I have no words to describe my feelings. I am just sharingâ€¦,[<ReferencedTweet id=1511044247146876931 type=retweeted],,
1510691381383151626,782436559467360257,2022-04-03 18:51:07+00:00,,"RT @joncoopertweets: Ukraine on Sunday accused Russian military forces of carrying out a ""massacre"" in the town of Bucha, while Western natâ€¦",[<ReferencedTweet id=1510691225673912330 type=retweeted],,
1510322525334605824,782436559467360257,2022-04-02 18:25:25+00:00,,"RT @TAPSTRIMEDIA: So @bbc - why in the hell did you go ask Maria Butina, known lying spy, for any opinion on Ukraine? Then, why did you refâ€¦",[<ReferencedTweet id=1510311639119286273 type=retweeted],,
1510295471234949123,782436559467360257,2022-04-02 16:37:54+00:00,"Bucha,Kyiv",RT @kiraincongress: This is #Bucha. The outskirt of #Kyiv. Russians were killing people with their hands tied behind their backs and left tâ€¦,[<ReferencedTweet id=1510249049357791234 type=retweeted],,
1510294159738949635,782436559467360257,2022-04-02 16:32:42+00:00,Caturday,"RT @tahoeadams: On this #Caturday I want to highlight why fostering is so important. 

Not only does it save lives, but it also allows babyâ€¦",[<ReferencedTweet id=1510293293363392512 type=retweeted],,
1509989664937201674,782436559467360257,2022-04-01 20:22:45+00:00,Ukraine,RT @aliasvaughn: China launched a massive cyber attack on #Ukraine on the eve of Russiaâ€™s invasion. Beijing knew about it all along - and hâ€¦,[<ReferencedTweet id=1509983961564520449 type=retweeted],,
1509568296697446404,782436559467360257,2022-03-31 16:28:23+00:00,ClimateChange,@NPR What do you mean #ClimateChange?,[<ReferencedTweet id=1509566731068624896 type=replied_to],5392522,
1509283329568354322,782436559467360257,2022-03-30 21:36:01+00:00,,RT @FLCAS2018: LCAS is open from 11:00- 6:00 daily for adoptions. For more information on adoptable animals visit their website https://t.câ€¦,[<ReferencedTweet id=1509281433931689991 type=retweeted],,
1509236534154829826,782436559467360257,2022-03-30 18:30:04+00:00,,"RT @NickKnudsenUS: Priority message from Ukraineâ€™s Centre for Strategic Communications.

ðŸ”„ They need us to amplify this message. #Democracyâ€¦",[<ReferencedTweet id=1508946138719686656 type=retweeted],,
1508953184366174211,782436559467360257,2022-03-29 23:44:08+00:00,ChefsForUkraine,"RT @Weinsteinlaw: .@WCKitchen and #ChefsForUkraine are serving 250,000 meals every single day in 6 countries - with more than 3.5 million mâ€¦",[<ReferencedTweet id=1508929285662384136 type=retweeted],,
1508894498012737538,782436559467360257,2022-03-29 19:50:56+00:00,FLORIDIANS,RT @Lovie_19: ATTENTION #FLORIDIANS CHECK your voter registration NOW https://t.co/2KtIZduPbr,[<ReferencedTweet id=1508883238655303688 type=retweeted],,
1508861000250015746,782436559467360257,2022-03-29 17:37:50+00:00,"ProTruth,ItCouldHappenHere","RT @Sifill_LDF: Coming soon to a state near you unless we wake up and fight back. https://t.co/5whebF9sv0 
#ProTruth
#ItCouldHappenHere",[<ReferencedTweet id=1508852102440923136 type=retweeted],,
1508859403801407494,782436559467360257,2022-03-29 17:31:29+00:00,,RT @tweetMalena: Every Democrat needs to get into high gear to save democracy &amp; protect women's rights! At least 26 states will ban abortioâ€¦,[<ReferencedTweet id=1508815018242019329 type=retweeted],,
1508183974912434182,782436559467360257,2022-03-27 20:47:34+00:00,WomenStrong,@BillPascrell This isnâ€™t outrageous to them! And taking away access to birth control &amp; abortions has been the long range goal for at least a decade. #WomenStrong,[<ReferencedTweet id=1507432142183276549 type=replied_to],74508260,
1508183123011510280,782436559467360257,2022-03-27 20:44:11+00:00,,RT @natemook: How are we @WCKitchen going to get huge amounts of food to cities across Ukraine? Train car! ðŸš‚ I was at the railway yard todaâ€¦,[<ReferencedTweet id=1508181733858029581 type=retweeted],,
1508182479362195456,782436559467360257,2022-03-27 20:41:38+00:00,,"RT @Pamelalalalala2: @CheriJacobus Iâ€™m ready to march to Washington DC. For my children, I would walk the entire way there, leave my job, aâ€¦",[<ReferencedTweet id=1508181570557038598 type=retweeted],,
1508129304722432006,782436559467360257,2022-03-27 17:10:20+00:00,MN01,RT @RWPUSA: In my race for Congress in #MN01 supporting @POTUS against price fixing by big meatpacking monopolies will be a big issue. Theâ€¦,[<ReferencedTweet id=1508118425889038340 type=retweeted],,
1508119957539803142,782436559467360257,2022-03-27 16:33:12+00:00,Ukraineï¸,"RT @jodyvance: If you are looking for a way to help support #Ukraineï¸ - check out https://t.co/BT1GfMjAIE @mllfleischer ðŸ‘‡ðŸ» local, all proceâ€¦",[<ReferencedTweet id=1508113258229641217 type=retweeted],,
1508116949028462592,782436559467360257,2022-03-27 16:21:14+00:00,,RT @natemook: Beautiful Sunday morning here in Lviv following last nightâ€™s rocket attacks. Iâ€™m at the central railway station where our @WCâ€¦,[<ReferencedTweet id=1508045897112092681 type=retweeted],,
1508110648122740747,782436559467360257,2022-03-27 15:56:12+00:00,,RT @TheSundayShow: â€œThere has to be some sort of oversight of the Supreme Courtâ€¦Because right now the legitimacy of the court is hanging inâ€¦,[<ReferencedTweet id=1508095763942834177 type=retweeted],,
1507912055340339204,782436559467360257,2022-03-27 02:47:04+00:00,LSUVet,RT @ltgrusselhonore: #LSUVet  exam then go to 3 months training to become a Family Horse . Still have to find him his next home. He is so pâ€¦,[<ReferencedTweet id=1507848425315872771 type=retweeted],,
1507784787884400643,782436559467360257,2022-03-26 18:21:21+00:00,,RT @Harryslaststand: While Biden speaks of the kindness of Ordinary Poles to Ukrainian refugees- note to yourself kindness is only extendedâ€¦,[<ReferencedTweet id=1507773321768849412 type=retweeted],,
1507780403888898050,782436559467360257,2022-03-26 18:03:56+00:00,"CorporateGreed,Greedflation",RT @JoyAnnReid: Itâ€™s when they just come right out and say itâ€¦ #CorporateGreed #Greedflation,[<ReferencedTweet id=1507774060880707592 type=retweeted],,
1507092509163507721,782436559467360257,2022-03-24 20:30:29+00:00,GOPWarOnWomen,RT @MindfulMajority: North Carolina's anti-abortion Republican lieutenant governor once paid for an abortion #GOPWarOnWomen  https://t.co/uâ€¦,[<ReferencedTweet id=1507048095795879938 type=retweeted],,
1507067841165639680,782436559467360257,2022-03-24 18:52:27+00:00,,"RT @chefjoseandres: Reporting in from Ukraine! Iâ€™m here at one of our @WCKitchen sandwich linesâ€¦Here we are producing 10,000 sandwiches eveâ€¦",[<ReferencedTweet id=1506980484638781443 type=retweeted],,
1507063480066744327,782436559467360257,2022-03-24 18:35:08+00:00,,RT @TheDemCoalition: A group of voters has filed a challenge with the Georgia secretary of state aiming to bar MTG from running for reelectâ€¦,[<ReferencedTweet id=1507059974157090824 type=retweeted],,
1506358552234971142,782436559467360257,2022-03-22 19:54:00+00:00,,"RT @geraldmalloySC: Mr. Langley's death could have been avoided with proper training and standards. The officer pulled the trigger, but theâ€¦",[<ReferencedTweet id=1506354595416752128 type=retweeted],,
1506118601778298890,782436559467360257,2022-03-22 04:00:31+00:00,"StandWithUkraine,DemocracyNotAutocracy","RT @JCTheResistance: Reminder that 31 @SenateGOP voted against aid to Ukraine. 

We #StandWithUkraine 

We choose #DemocracyNotAutocracy htâ€¦",[<ReferencedTweet id=1506023584312954881 type=retweeted],,
1505635218920775684,782436559467360257,2022-03-20 19:59:44+00:00,,"RT @CitizenWonk: This article by @mashagessen is an excellent read about the Russians who want no part of Putin, his war crimes and sociopaâ€¦",[<ReferencedTweet id=1505627868113604616 type=retweeted],,
1505632399442550785,782436559467360257,2022-03-20 19:48:31+00:00,,"RT @AdoptToro: Lily Rose at the shelter for 172 days. 6 yrs old &amp; very sweet. Came in as stray. Needs solo dog home &amp; if kids, 13+.

Town oâ€¦",[<ReferencedTweet id=1505319574635524098 type=retweeted],,
1505605698171850752,782436559467360257,2022-03-20 18:02:25+00:00,RussianArmy,"RT @olex_scherba: Another #RussianArmy intercept.

- Have you taken that city?
- Nah, commander refused to send us to that slaughter.
- Soâ€¦",[<ReferencedTweet id=1505190587229782021 type=retweeted],,
1505584792158547974,782436559467360257,2022-03-20 16:39:21+00:00,,"RT @ashleygandy5: In occupied Berdiansk, Russian military brutally detain Ukrainians who took to the streets today for an anti-war rally
#Uâ€¦",[<ReferencedTweet id=1505570562101637123 type=retweeted],,
1505579726999597057,782436559467360257,2022-03-20 16:19:13+00:00,,"RT @WeHearPodcast: How many years will it take MAGA to understand that the entire Republican Party is corrupted and owned by Putin?
Their vâ€¦",[<ReferencedTweet id=1505546884336783360 type=retweeted],,
1505577438746714122,782436559467360257,2022-03-20 16:10:08+00:00,,RT @LeftHandedLarue: We must have landslide victories for the midterms. Get people registered and CLEAR about filling out their ballots. Ifâ€¦,[<ReferencedTweet id=1505573118080782341 type=retweeted],,
1505576788268920832,782436559467360257,2022-03-20 16:07:33+00:00,"SlavaUkraini,LongLiveUkraine",RT @EmmaTK: Watch this. #SlavaUkraini #LongLiveUkraine @ZelenskyyUa,[<ReferencedTweet id=1505570878276481036 type=retweeted],,
1505574678840365057,782436559467360257,2022-03-20 15:59:10+00:00,CROWNAct,"RT @dccc: On Friday, House Democrats passed the #CROWNAct to put an end to race-based hair discrimination once and for all.",[<ReferencedTweet id=1505559798011633666 type=retweeted],,
1505567514532757510,782436559467360257,2022-03-20 15:30:42+00:00,,"RT @JeffreyGuterman: On this date March 20 in 1995, the Japanese cult Aum Shinrikyo carried out a sarin gas attack on the Tokyo subway, kilâ€¦",[<ReferencedTweet id=1505559791615156236 type=retweeted],,
1505245668050456597,782436559467360257,2022-03-19 18:11:48+00:00,RussianWarCrimes,"RT @avalaina: Mariupol after many days of Russian shelling. 
#RussianWarCrimes 
Video: The Guardian https://t.co/k430nDGUAk",[<ReferencedTweet id=1505233261664083977 type=retweeted],,
1505242914816937989,782436559467360257,2022-03-19 18:00:51+00:00,,"RT @BryanDawsonUSA: Louisiana Republican files â€œDonâ€™t Say Gayâ€ bill after reading Twitter and Facebook, praying, and talking to her pastor.â€¦",[<ReferencedTweet id=1505242742212993025 type=retweeted],,
1505232318029570054,782436559467360257,2022-03-19 17:18:45+00:00,,RT @PaulRieckhoff: 109 empty baby strollers in Lviv. One for every one of the 109 Ukrainian children killed by the Russian military. So farâ€¦,[<ReferencedTweet id=1505230243900055556 type=retweeted],,
1505226862779326466,782436559467360257,2022-03-19 16:57:04+00:00,ClimateCrisis,@geno_kusa @HunterJCullen Too much flowing water &amp; not enough ice for March imho #ClimateCrisis,[<ReferencedTweet id=1505189522333569027 type=replied_to],1328716471992770562,
1505225750848409608,782436559467360257,2022-03-19 16:52:39+00:00,WarCriminalPutin,RT @knittinglinda: This is your reminder that #WarCriminalPutin is still holding Brittney Griner hostage. She is a pawn in the proxy war beâ€¦,[<ReferencedTweet id=1505219560231911434 type=retweeted],,
1504910766658531333,782436559467360257,2022-03-18 20:01:01+00:00,,"RT @_waleedshahid: ""A federal judge says that while her name appears on election petitions filed last week by Congressional candidate Steveâ€¦",[<ReferencedTweet id=1504891893267804163 type=retweeted],,
1504563540681805840,782436559467360257,2022-03-17 21:01:16+00:00,,RT @YourAnonNews: @RepMTG @BillKristol Russian asset Marjorie Taylor Greene will go down in history as one of the dumbest politicians ever.â€¦,[<ReferencedTweet id=1504531550490308608 type=retweeted],,
1504561472436854785,782436559467360257,2022-03-17 20:53:03+00:00,,"RT @shannonrwatts: A Texas dental clinic patient became angry at staff, and then went to his car to get his gun. He returned and fatally shâ€¦",[<ReferencedTweet id=1504489385227563009 type=retweeted],,
1504559676934995971,782436559467360257,2022-03-17 20:45:55+00:00,boycottnestle,"RT @mmpadellan: Fuck @Nestle.
You want to stay in Russia?
I can do without ALL this shit.
#boycottnestle https://t.co/p5fFHEX15W",[<ReferencedTweet id=1504545540423532545 type=retweeted],,
1504551576974856198,782436559467360257,2022-03-17 20:13:43+00:00,FL27,"RT @AmandiOnAir: Tonight #FL27 GOP Congresswoman MarÃ­a Elvira Salazar said that if we donâ€™t confront Putin with strength, Fidel Castro mighâ€¦",[<ReferencedTweet id=1504281649672032259 type=retweeted],,
1503785969778102282,782436559467360257,2022-03-15 17:31:28+00:00,Ukraine,"RT @HannaLiubakova: #Ukraine Irpin. Andriy Kulik is trying to comfort his dog, paralyzed by fear. The dog refuses to walk after shelling. hâ€¦",[<ReferencedTweet id=1503703096702246921 type=retweeted],,
1503783056250970112,782436559467360257,2022-03-15 17:19:54+00:00,,RT @shannonrwatts: A 17-year-old boy in Louisiana has been charged with shooting and killing a pregnant 17-year-old and her unborn baby whiâ€¦,[<ReferencedTweet id=1503559876852731905 type=retweeted],,
1503079855616929794,782436559467360257,2022-03-13 18:45:38+00:00,SC01,RT @AnnieAndrewsMD: Neither one of my #SC01 opponents is in the district today. Katie Arrington is at the Trump/Putin rally in Florence andâ€¦,[<ReferencedTweet id=1502801412522135556 type=retweeted],,
1503050133684035585,782436559467360257,2022-03-13 16:47:31+00:00,,"RT @DavidCornDC: SCOOP: @MotherJones has obtained Russian government memos sent to pro-Putin media outlets telling them ""it is essential"" tâ€¦",[<ReferencedTweet id=1503002520460972037 type=retweeted],,
1503041304254685194,782436559467360257,2022-03-13 16:12:26+00:00,Russia,"RT @JuliaDavisNews: Meanwhile on #Russia's state TV: experts (including a lawmaker and top economist) brainstorm on how to ""hit America"" byâ€¦",[<ReferencedTweet id=1502853582063915009 type=retweeted],,
1502738684801597443,782436559467360257,2022-03-12 20:09:56+00:00,,"RT @ltgrusselhonore: Never tough I see it in my lifetime, we have 3 World Wars Simultaneously: 1. # pandemic over 1000 die each day in #Ameâ€¦",[<ReferencedTweet id=1502700320274751495 type=retweeted],,
1502730774486863883,782436559467360257,2022-03-12 19:38:30+00:00,LongLiveUkraine,RT @NickKnudsenUS: Light â€˜em up. #LongLiveUkraine https://t.co/OGHljrofzt,[<ReferencedTweet id=1502493870549966851 type=retweeted],,
1502110145572225030,782436559467360257,2022-03-11 02:32:21+00:00,,RT @sandibachom: .@Anonymous needs to hack into Russian television and broadcast the bombing of the maternity hospital in Mariupol on a looâ€¦,[<ReferencedTweet id=1502044389325123586 type=retweeted],,
1502109194165624835,782436559467360257,2022-03-11 02:28:34+00:00,StopRon,"RT @NikkiFried: Make it stop. #StopRon. 

https://t.co/hutfa9IV80",[<ReferencedTweet id=1502064361212456960 type=retweeted],,
1502021353729368076,782436559467360257,2022-03-10 20:39:31+00:00,,RT @chefjoseandres: Take a look in our @WCKitchen kitchen &amp; warehouse on the border of Ukraine in Poland! From here we are cooking tens ofâ€¦,[<ReferencedTweet id=1502016420804280330 type=retweeted],,
1502021233403219972,782436559467360257,2022-03-10 20:39:02+00:00,,RT @nancylevine: Axos Bank loaned Trump $100 million AFTER finding out heâ€™d falsified financial statements for at least 10 years. $AX shareâ€¦,[<ReferencedTweet id=1501768017578844166 type=retweeted],,
1501970412820963329,782436559467360257,2022-03-10 17:17:06+00:00,antiGay,@MattGertz This grooming farce was started recently by @GovRonDeSantis comms person @ChristinaPushaw  to push FLâ€™s anti-gay bills thru state legislature. Guess itâ€™s time in their minds to take it national? Basically accusing all LGBTQ of grooming the rest of the worldâ€¦. #antiGay,[<ReferencedTweet id=1501933204353155080 type=replied_to],55376380,
1501690788090200066,782436559467360257,2022-03-09 22:45:58+00:00,,"RT @NickKnudsenUS: Hereâ€™s Putin sending random artillery into residential areas. This is in Mykolaiv.

These videos need to be seen. #LongLâ€¦",[<ReferencedTweet id=1501660528141164544 type=retweeted],,
1501667054943977475,782436559467360257,2022-03-09 21:11:40+00:00,,RT @SecBlinken: The @StateDept is partnering with @GoFundMeDotOrg to help direct funds to relief organizations actively assisting those affâ€¦,[<ReferencedTweet id=1501577189388599301 type=retweeted],,
1501288863439990794,782436559467360257,2022-03-08 20:08:52+00:00,Mariupol,"RT @JulianRoepcke: Wow.
Chinese media is embedded with the Russian army and going into #Mariupol. https://t.co/90toMk0bpY",[<ReferencedTweet id=1501154100246986753 type=retweeted],,
1501284154033549313,782436559467360257,2022-03-08 19:50:09+00:00,,RT @hcorscaddenRM: My brother is on day 3 of ICU care for a dental abscess. He will continue to be intubated for 2-3 more days if all goesâ€¦,[<ReferencedTweet id=1500837132025450497 type=retweeted],,
1501284085947420683,782436559467360257,2022-03-08 19:49:53+00:00,,RT @isawthesethings: @joncoopertweets Letâ€™s end subsidies for fossil fuels. And since ultra wealthy pay little or no taxes- itâ€™s the lowerâ€¦,[<ReferencedTweet id=1501252007469985794 type=retweeted],,
1501275819477504013,782436559467360257,2022-03-08 19:17:02+00:00,EmmettTill,RT @iamchanteezy: The three men that voted against the #EmmettTill Anti-Lynching Bill of 2022. https://t.co/9kw8zSH9A2,[<ReferencedTweet id=1501023430564589573 type=retweeted],,
1501271642680565772,782436559467360257,2022-03-08 19:00:26+00:00,DontSayGay,"RT @bubbaprog: Republican senator endorses #DontSayGay bill because ""gay is not a permanent thing. LGBT is not a permanent thing"" https://tâ€¦",[<ReferencedTweet id=1501225914817994759 type=retweeted],,
1501265842524282884,782436559467360257,2022-03-08 18:37:23+00:00,,"RT @WCKitchen: After 2 days of traveling by foot &amp; bus through Ukraine, Miroslaw's family made it across the border into Poland. They gatheâ€¦",[<ReferencedTweet id=1501240601374863367 type=retweeted],,
1501012310936244228,782436559467360257,2022-03-08 01:49:57+00:00,,RT @AnnaForFlorida: Senator @senpizzo just asked if anyone on the Senate Floor knows what â€œgroomingâ€ means â€” this is in reference to the Goâ€¦,[<ReferencedTweet id=1500986834494660612 type=retweeted],,
1500979021919789065,782436559467360257,2022-03-07 23:37:40+00:00,DontSayGay,Please donâ€™t spend LGBTQ money at @WaltDisneyWorld  They are funding the #DontSayGay bill in Florida. https://t.co/LEpGQZ1LcU,[<ReferencedTweet id=1500935256924434436 type=quoted],,
1500920469612023819,782436559467360257,2022-03-07 19:45:00+00:00,DontSayGay,"RT @AnnaForFlorida: More photos from school walk outs against the #DontSayGay bill â€” this time from Pine View School in Osprey, FL! ðŸ’ª httpsâ€¦",[<ReferencedTweet id=1500674619413610500 type=retweeted],,
1500581021699514374,782436559467360257,2022-03-06 21:16:09+00:00,,"RT @chefjoseandres: One of our @WCKitchen partners heard a train was coming to HrubieszÃ³w, Poland filled with Ukrainian refugees who had goâ€¦",[<ReferencedTweet id=1500560345131536384 type=retweeted],,
1500580186533896200,782436559467360257,2022-03-06 21:12:50+00:00,MarcoRubles,"RT @duty2warn: Russian oligarch, Len Blavatnik, gave 1.5 million to #MarcoRubles campaign. 
Rubio helped Russia by Tweeting a picture thatâ€¦",[<ReferencedTweet id=1500571904339582977 type=retweeted],,
1500579801370869765,782436559467360257,2022-03-06 21:11:18+00:00,PeoplesConvoy,RT @sandibachom: #PeoplesConvoy aimlessly driving the beltway https://t.co/8w4NDH4NCM,[<ReferencedTweet id=1500541327230259200 type=retweeted],,
1500510559871066127,782436559467360257,2022-03-06 16:36:10+00:00,SlavaUkraini,"RT @kalmantibs: Update from the Slovakian police:
https://t.co/uz4um0jmDW

#SlavaUkraini â¤ï¸ðŸ‡ºðŸ‡¦ðŸ•Šï¸ https://t.co/Sfocv62FT0",[<ReferencedTweet id=1500453143800422401 type=retweeted],,
1500507957590700032,782436559467360257,2022-03-06 16:25:49+00:00,KochNetwork,RT @Tentoads4truth: @charlesbethea Mark Meadows #KochNetwork https://t.co/wVdulZmQPe,[<ReferencedTweet id=1500498945558003719 type=retweeted],,
1500191389384069126,782436559467360257,2022-03-05 19:27:54+00:00,,"RT @avalaina: Andriy Piddubny: My colleague, Anastasiia Yalanskaya died yesterday. Nastya was shot dead by Russian troops while driving inâ€¦",[<ReferencedTweet id=1500054957654949890 type=retweeted],,
1500188797879074820,782436559467360257,2022-03-05 19:17:36+00:00,"Didyouknow,hyrax",RT @SheldrickTrust: #Didyouknow these little guys are the closest relative to an elephant? #hyrax https://t.co/Zkzj2HHRKM,[<ReferencedTweet id=1500124067176886274 type=retweeted],,
1499865570820476934,782436559467360257,2022-03-04 21:53:12+00:00,DontSayGay,"RT @AnnaForFlorida: Proud of all the students who are organizing against the #DontSayGay bill. We need to keep pushing back, the bill willâ€¦",[<ReferencedTweet id=1499751005902229507 type=retweeted],,
1499862125107367938,782436559467360257,2022-03-04 21:39:31+00:00,,"RT @mmpadellan: Coca Cola appears to have decided its profits are more important than the lives of Ukrainians.

Don't drink ANY of that garâ€¦",[<ReferencedTweet id=1499843383510118400 type=retweeted],,
1499861997827022853,782436559467360257,2022-03-04 21:39:01+00:00,,RT @TristanSnell: Coke AND Pepsi are still doing business in Russia. I won't buy ANY of either company's products until they halt operationâ€¦,[<ReferencedTweet id=1499839147871289346 type=retweeted],,
1499585004451549216,782436559467360257,2022-03-04 03:18:20+00:00,,RT @davidhogg111: Today student @Jack_Petocz  an organizer with was suspended from his Florida high school for organizing a walkout in oppoâ€¦,[<ReferencedTweet id=1499554309280870431 type=retweeted],,
1499583507382816780,782436559467360257,2022-03-04 03:12:23+00:00,notafraidtosaygay,"RT @JDCocchiarella: If you stand with students in Florida, help us get #notafraidtosaygay trending ðŸ³ï¸â€ðŸŒˆ",[<ReferencedTweet id=1499560493698232369 type=retweeted],,
1499499677275860993,782436559467360257,2022-03-03 21:39:17+00:00,dontsaygay,RT @JoeSaunders4FL: As lawmakers enter the floor for session the students protesting #dontsaygay have come to the 4th floor to make lawmakeâ€¦,[<ReferencedTweet id=1499450819082694658 type=retweeted],,
1499499194758881287,782436559467360257,2022-03-03 21:37:22+00:00,DontSayGay,"RT @eunicortiz: FL HS students across the state are leaving their desks in protest of the #DontSayGay bill. Right now, students are at ourâ€¦",[<ReferencedTweet id=1499467219721687041 type=retweeted],,
1499498078453350400,782436559467360257,2022-03-03 21:32:55+00:00,DSGWalkout,"RT @equalityfl: Tallahassee-area students walked out and headed to the Capitol with a message: ""We say gay."" â¤ï¸ #DSGWalkout https://t.co/5dâ€¦",[<ReferencedTweet id=1499440533432848384 type=retweeted],,
1499497498813112321,782436559467360257,2022-03-03 21:30:37+00:00,"DontSayGay,LGBTQ,PrideMonth",@WaltDisneyWorld We are talking about your new chiefâ€™s 2-facedness in trying to stay out of the mess YOUR pick for governor has made with #DontSayGay bill. And yet you still think #LGBTQ will spend $$$ there during #PrideMonth?? https://t.co/JkjNEXmwsQ,[<ReferencedTweet id=1499357760022097927 type=quoted],15220473,
1499494039707697154,782436559467360257,2022-03-03 21:16:52+00:00,,RT @AngieNixon: There are babies outside the chamber protesting against policies that are negatively impacting their lives and we are on thâ€¦,[<ReferencedTweet id=1499455240717967370 type=retweeted],,
1499483779290836992,782436559467360257,2022-03-03 20:36:06+00:00,DontSayGay,RT @AnnaForFlorida: A student just emailed these photos from Largo High Schoolâ€™s walk out in opposition to the #DontSayGay bill. These walkâ€¦,[<ReferencedTweet id=1499467745745907723 type=retweeted],,
1499481470343294980,782436559467360257,2022-03-03 20:26:56+00:00,PutinHitler,"RT @olex_scherba: Kharkiv downtown todayâ€¦
#PutinHitler https://t.co/cX3t7lwHiV",[<ReferencedTweet id=1498688688913625092 type=retweeted],,
1499479461066162178,782436559467360257,2022-03-03 20:18:57+00:00,,"RT @AnnaForFlorida: Posted one hour ago on Instagramâ€” according to the post, protesters are at @WaltDisneyWorld asking the company to takeâ€¦",[<ReferencedTweet id=1499421092712259589 type=retweeted],,
1499476235524706312,782436559467360257,2022-03-03 20:06:08+00:00,,"RT @SheldrickTrust: Injured by a spring-loaded spike trap, these two elephants were left limping in pain. They needed urgent help and thatâ€™â€¦",[<ReferencedTweet id=1499399204908589066 type=retweeted],,
1499473285695877122,782436559467360257,2022-03-03 19:54:24+00:00,,"RT @darieltweet: Yeah... we did that. Students at Colonial HS in Orlando, Florida today held a walkout in protest of HB 1557.

@GovRonDeSanâ€¦",[<ReferencedTweet id=1499132554728902657 type=retweeted],,
1499466334635188231,782436559467360257,2022-03-03 19:26:47+00:00,,"RT @SheldrickTrust: This baby elephant lost her herd but found a family at SWT. Despite the odds being against her after being orphaned, Keâ€¦",[<ReferencedTweet id=1499263300583899137 type=retweeted],,
1499461724948291588,782436559467360257,2022-03-03 19:08:28+00:00,DontSayGay,RT @MichaelPWomack: #DontSayGay walkout at Freedom High School right now- sent to me by one of the teachers who saved me. ðŸ³ï¸â€ðŸŒˆ https://t.coâ€¦,[<ReferencedTweet id=1499440763582787586 type=retweeted],,
1499193524738215937,782436559467360257,2022-03-03 01:22:44+00:00,SayGay,RT @CarlosGSmith: Seen in the Florida skies in Parkland yesterday! #SayGay ðŸ³ï¸â€ðŸŒˆðŸ³ï¸â€âš§ï¸âœˆï¸â˜ï¸ https://t.co/IQsgDurCyj,[<ReferencedTweet id=1499169927013576711 type=retweeted],,
1498764707020394498,782436559467360257,2022-03-01 20:58:46+00:00,Putin,"RT @InnaSovsun: Bombing houses isn't enough. Today, #Putin decided it was time to destroy hospitals.  Hospitals with the wounded from the pâ€¦",[<ReferencedTweet id=1498667975045525510 type=retweeted],,
1498762851569258500,782436559467360257,2022-03-01 20:51:24+00:00,Russia,"RT @InnaSovsun: These are newborns in a bomb shelter near the Okhmatdyt Children's Hospital, which was recently attacked by #Russia.  One câ€¦",[<ReferencedTweet id=1498694565217329156 type=retweeted],,
1498730566753169417,782436559467360257,2022-03-01 18:43:06+00:00,ChefsForUkraine,"RT @WCKitchen: WCK has expanded our #ChefsForUkraine response into Romania! Working with restaurants like Marinela in È˜tefÄƒneÈ™ti, weâ€™re serâ€¦",[<ReferencedTweet id=1498688855918223361 type=retweeted],,
1498716663050604549,782436559467360257,2022-03-01 17:47:51+00:00,Ukraine,RT @Sifill_LDF: This reporting tonight from @sarasidnerCNN interviewing Black people at the border in #Ukraine describing the violent removâ€¦,[<ReferencedTweet id=1498512483690102784 type=retweeted],,
1498714089404653573,782436559467360257,2022-03-01 17:37:38+00:00,,RT @B52Malmet: How does Ken Paxton get to run for re-election for AG in Texas? Paxton has these legal and ethical issues: a 2015 indictmentâ€¦,[<ReferencedTweet id=1498655464371937292 type=retweeted],,
1498151354845601792,782436559467360257,2022-02-28 04:21:31+00:00,ukraine,"RT @LeviFetterman: idk what soundcloud is 
while u r here pls help #ukraine if u can
https://t.co/MO1noZKktr",[<ReferencedTweet id=1498063558059438085 type=retweeted],,
1497688474329174017,782436559467360257,2022-02-26 21:42:12+00:00,elephants,RT @SheldrickTrust: Blankets ensure the youngest and most fragile baby #elephants stay warm and cosy during cold mornings. Donate towards fâ€¦,[<ReferencedTweet id=1497677884751859717 type=retweeted],,
1497674849677987840,782436559467360257,2022-02-26 20:48:04+00:00,BoycottMarriott,RT @AlexFTweets: @ZTPetrizzo #BoycottMarriott and all their properties. @Marriott,[<ReferencedTweet id=1497672691452633095 type=retweeted],,
1497320193126772742,782436559467360257,2022-02-25 21:18:47+00:00,Anonymous,"RT @JournalistJG: @NoLieWithBTC Good. 
Also: Hey #Anonymous if you're listening: Now would be a good time to expose:

-Putin's offshore banâ€¦",[<ReferencedTweet id=1497316697966977031 type=retweeted],,
1496933766748590083,782436559467360257,2022-02-24 19:43:16+00:00,,"RT @shannonrwatts: During a committe hearing, two Kentucky legislators used the phrase â€œJew them downâ€ in reference to the cost of a stateâ€¦",[<ReferencedTweet id=1496837775370317830 type=retweeted],,
1496933375399317504,782436559467360257,2022-02-24 19:41:43+00:00,wildlife,RT @SheldrickTrust: Everyone needs a friend they can lean on. Be an ally to #wildlife and support our conservation projects by donating: htâ€¦,[<ReferencedTweet id=1496862783832563720 type=retweeted],,
1496929085532090369,782436559467360257,2022-02-24 19:24:40+00:00,,"RT @AnnaForFlorida: Very disappointing to hear that there are Florida House members who think gender identity is a ""radical leftist agenda""â€¦",[<ReferencedTweet id=1496912583244529665 type=retweeted],,
1496920389179650058,782436559467360257,2022-02-24 18:50:06+00:00,,"RT @AnasMallick: 2 and a half hours later, the meeting between President Putin and PM Imran Khan still continues at the Kremlin, there hasâ€¦",[<ReferencedTweet id=1496848060919386115 type=retweeted],,
1496920012875079691,782436559467360257,2022-02-24 18:48:37+00:00,,"RT @Lisabeachie: We need more of this.  Thank you @Kaepernick7
Colin Kaepernick is launching an initiative through his Know Your Rights Camâ€¦",[<ReferencedTweet id=1496655647936450560 type=retweeted],,
1496906175610515456,782436559467360257,2022-02-24 17:53:38+00:00,,"RT @JavierBlas: COLUMN: Saudi Arabia defeated Russia in its 2020 oil price war with a ""shock-and-awe"" strategy that could still work in Ukrâ€¦",[<ReferencedTweet id=1496820131602837508 type=retweeted],,
1496658948073611267,782436559467360257,2022-02-24 01:31:14+00:00,"Ukraine,President","RT @ltgrusselhonore: time for #Ukraine #President to fully mobilize All Uniform Services, Ask citizen to crate a Million Warriors , all ablâ€¦",[<ReferencedTweet id=1496625208517701632 type=retweeted],,
1496608706221559813,782436559467360257,2022-02-23 22:11:35+00:00,Auschwitz,RT @AuschwitzMuseum: 23 February 1943 | SS guards transferred 39 prisoners (13 to 17 years old) from Auschwitz II-Birkenau to #Auschwitz Iâ€¦,[<ReferencedTweet id=1496503478876839938 type=retweeted],,
1496202761230299145,782436559467360257,2022-02-22 19:18:31+00:00,DontSayGay,RT @AnnaForFlorida: These companies love celebrating pride â€” where they at when it comes to the #DontSayGay bill?,[<ReferencedTweet id=1496012039256514561 type=retweeted],,
1496202528135995393,782436559467360257,2022-02-22 19:17:35+00:00,,"RT @anneL5694: @JuddLegum @josephbharding .@ATT, @Walgreens please explain to US residents why youâ€™re not condemning hate and bullying? Alsâ€¦",[<ReferencedTweet id=1495801522646843393 type=retweeted],,
1496202469990453255,782436559467360257,2022-02-22 19:17:21+00:00,,RT @pauljgibler: @JuddLegum @Americanist4u @josephbharding I've stopped using @Walgreens for my prescriptions and will be evaluating alternâ€¦,[<ReferencedTweet id=1495560225235087360 type=retweeted],,
1496202453372608521,782436559467360257,2022-02-22 19:17:17+00:00,,RT @NoAltFacts1984: @JuddLegum @josephbharding I've been a customer of both @Walgreens and @ATT for many years but this is inexcusable. Theâ€¦,[<ReferencedTweet id=1495878562406191104 type=retweeted],,
1496198035721834496,782436559467360257,2022-02-22 18:59:44+00:00,"UkraineRussiaCrisis,Russian,Ukraine","RT @ltgrusselhonore: #UkraineRussiaCrisis I think #Russian will attack to destroy #Ukraine frontline forces , they will be force oriented.â€¦",[<ReferencedTweet id=1496154191903043584 type=retweeted],,
1496192366616666112,782436559467360257,2022-02-22 18:37:12+00:00,,RT @wtpBLUE: The Violence Against Women Act became law in 1994 &amp; had been reauthorized by bipartisan congresses until McConnell's Senate stâ€¦,[<ReferencedTweet id=1495899812746641409 type=retweeted],,
1495492829833043972,782436559467360257,2022-02-20 20:17:30+00:00,,"RT @TonyHussein4: The link between Amy Coney Barrett &amp; The Handmaidâ€™s Tale, explained.

Amy is a part ofÂ a Catholic group known as People oâ€¦",[<ReferencedTweet id=1495136084392480768 type=retweeted],,
1495489116171124742,782436559467360257,2022-02-20 20:02:44+00:00,scpol,RT @shannonrwatts: A South Carolina 6-year-old brought a loaded gun from his grandfatherâ€™s house to school to â€œshoot zombies.â€ #scpol  httpâ€¦,[<ReferencedTweet id=1495244030791372804 type=retweeted],,
1495487639016939522,782436559467360257,2022-02-20 19:56:52+00:00,,RT @AnnaForFlorida: Weâ€™re pushing back against this bill that would eliminate the rooftop solar industry and further solidify the monopolieâ€¦,[<ReferencedTweet id=1495072105897074694 type=retweeted],,
1495484529599033346,782436559467360257,2022-02-20 19:44:31+00:00,FindKemani,"RT @BerniceKing: If you see Kemani, please contact 415.515.3816 immediately. #FindKemani https://t.co/Nks38ngtJ6",[<ReferencedTweet id=1495470041818558468 type=retweeted],,
1495462000448704512,782436559467360257,2022-02-20 18:14:59+00:00,,"RT @SheldrickTrust: Enkesha's trunk was nearly severed by a snare when she was a baby. Following veterinary and intensive care, she's regaiâ€¦",[<ReferencedTweet id=1495458341560147978 type=retweeted],,
1495455263599566851,782436559467360257,2022-02-20 17:48:13+00:00,COVID,"RT @B52Malmet: Queen Elizabeth, her son, Prince Charles, his wife, Camilla all have #COVID.  Our Surgeon General, his wife, and two childreâ€¦",[<ReferencedTweet id=1495436743574790144 type=retweeted],,
1495139262462926850,782436559467360257,2022-02-19 20:52:33+00:00,thekidsarealright,RT @StephptaylorCLT: My 8 yo with the worksheet mic drop. #thekidsarealright https://t.co/uivfxn89eK,[<ReferencedTweet id=1494764017805676546 type=retweeted],,
1494900751398805509,782436559467360257,2022-02-19 05:04:47+00:00,"KimPotter,DaunteWright",RT @Sifill_LDF: Watched the #KimPotter sentencing hearing today. And the devastation of #DaunteWrightâ€™s family. And canâ€™t help rememberingâ€¦,[<ReferencedTweet id=1494890609311690753 type=retweeted],,
1494404687289892867,782436559467360257,2022-02-17 20:13:36+00:00,OTD,"RT @RRRDonner: #OTD My great-great-aunt Mildred Harnack was beheaded on Hitlerâ€™s direct order. Born in Milwaukee, she was 26 when she movedâ€¦",[<ReferencedTweet id=1493952833846140935 type=retweeted],,
1494400313280839684,782436559467360257,2022-02-17 19:56:13+00:00,"Ottawa,TruckersForFreedom2022","RT @JustmeAnybody: @SarahFischer__ #Ottawa lawsuit against #TruckersForFreedom2022 increased from $9.8 million to 
                      $3â€¦",[<ReferencedTweet id=1494373889861984259 type=retweeted],,
1492977244637118466,782436559467360257,2022-02-13 21:41:27+00:00,,"RT @ltgrusselhonore: The Law 18 US Code Whoever in any way or degree obstructs, delays, or affects commerce or the movement of any articleâ€¦",[<ReferencedTweet id=1492914646453473281 type=retweeted],,
1492951039913480193,782436559467360257,2022-02-13 19:57:20+00:00,Australia,"RT @LeviFetterman: hiii #Australia or if u know ppl in Australia + especially a child named Victoria

did u lose a backpack in airport Losâ€¦",[<ReferencedTweet id=1492621669369790472 type=retweeted],,
1492575635335753730,782436559467360257,2022-02-12 19:05:36+00:00,,"RT @miyashay: She raised her son to go to school &amp; stay out of trouble. He got a Masterâ€™s &amp; was prepping for the LSAT. 

On Monday, he wasâ€¦",[<ReferencedTweet id=1492155563135979527 type=retweeted],,
1492540647764643843,782436559467360257,2022-02-12 16:46:35+00:00,FBI,"RT @FBIWFO: NEW PHOTOS: The #FBI needs help identifying people involved in the January 6th riots at the Capitol. If you recognize #515, subâ€¦",[<ReferencedTweet id=1492235885877858314 type=retweeted],,
1492531711887953920,782436559467360257,2022-02-12 16:11:04+00:00,"Democracy,Canada,USA,MAGA,TruckersForFreedom",RT @ltgrusselhonore: #Democracy led Government #Canada #USA stop being Victim of #MAGA BS #TruckersForFreedom have right to protest but notâ€¦,[<ReferencedTweet id=1492507232377970688 type=retweeted],,
1492492455215783939,782436559467360257,2022-02-12 13:35:05+00:00,LearnFromNature,RT @SheldrickTrust: Elephants lend a hand when their herd mates are in trouble. We think this is something we can all #LearnFromNature. Soâ€¦,[<ReferencedTweet id=1492468527864987652 type=retweeted],,
1491848855935197187,782436559467360257,2022-02-10 18:57:39+00:00,,"RT @Goodable: An 11-year old girl with Down Syndrome was bullied at at school in North Macedonia, after parents of other students complaineâ€¦",[<ReferencedTweet id=1491775200626683907 type=retweeted],,
1491847854993952776,782436559467360257,2022-02-10 18:53:40+00:00,SouthCarolina,"RT @natashablue22: @FPWellman Please correct your mistake, #SouthCarolina. https://t.co/rXwSKhUF9E",[<ReferencedTweet id=1491837953601069063 type=retweeted],,
1491846218875609094,782436559467360257,2022-02-10 18:47:10+00:00,,RT @RepSwalwell: Republicans donâ€™t have any ideas to help you. And they canâ€™t win elections. So theyâ€™ve gone all in on using violence as aâ€¦,[<ReferencedTweet id=1491843692579201026 type=retweeted],,
1491842281095241729,782436559467360257,2022-02-10 18:31:31+00:00,Covid19,RT @DrEricDing: We donâ€™t get to arbitrarily decide when #Covid19 is over. Itâ€™s over someday only through our personal actions &amp; policies toâ€¦,[<ReferencedTweet id=1491793431382745095 type=retweeted],,
1491161020710068225,782436559467360257,2022-02-08 21:24:26+00:00,LigitimatePoliticalDiscourse,RT @ltgrusselhonore: Crying Damn Shame! #LigitimatePoliticalDiscourse . â¦@SenateGOPâ© refuse to approve  to hire additional officers for theâ€¦,[<ReferencedTweet id=1491051974556532739 type=retweeted],,
1491159287154249728,782436559467360257,2022-02-08 21:17:33+00:00,,RT @MichaelV_96: This is the ENERGY that we need from a candidate! The so-called 'Don't Say Gay Bill' has passed in the Senate Committee onâ€¦,[<ReferencedTweet id=1491107393849405442 type=retweeted],,
1490930859108876289,782436559467360257,2022-02-08 06:09:51+00:00,"COVID,brainfog","RT @WesElyMD: 1/ðŸ§µ #COVID Brain Changes Show Parallels w Alzheimer's Disease
Â 
Findings may point to potential mechanism for #brainfog in peâ€¦",[<ReferencedTweet id=1490678118675324933 type=retweeted],,
1490930732965187585,782436559467360257,2022-02-08 06:09:21+00:00,,"RT @SenSanders: Corporate greed is Netflix making a record-breaking $5.1 billion profit, giving its CEO $43 million in total compensation,â€¦",[<ReferencedTweet id=1490817703388528642 type=retweeted],,
1490431444925259778,782436559467360257,2022-02-06 21:05:22+00:00,,"RT @Cleavon_MD: ðŸ•¯ï¸Moment of silence for 33 y.o. Dr. Li Wenliang, Ophthalmologist at Wuhan Central Hospital in China. On February 7, 2020 heâ€¦",[<ReferencedTweet id=1490418105788600324 type=retweeted],,
1490415914243825676,782436559467360257,2022-02-06 20:03:39+00:00,,RT @SheldrickTrust: Nabulu's gaunt cheeks are testament to the weeks she spent alone without her mothers milk. Saved him from certain deathâ€¦,[<ReferencedTweet id=1490339661025325057 type=retweeted],,
1489707078402908167,782436559467360257,2022-02-04 21:06:59+00:00,BreonnaTaylor,"RT @AttorneyCrump: As #BreonnaTaylor showed us, no-knock warrants have deadly consequences for innocent law-abiding Black people! @Minneapoâ€¦",[<ReferencedTweet id=1489587692791033856 type=retweeted],,
1489702786946187269,782436559467360257,2022-02-04 20:49:56+00:00,TaxTheChurches,RT @KathyCybele: @NathanMackBrown ALL churches should pay taxes. #TaxTheChurches,[<ReferencedTweet id=1489679394243104769 type=retweeted],,
1489317447261949957,782436559467360257,2022-02-03 19:18:44+00:00,,"RT @LeviFetterman: hiii besties hiii
we make card for ur wallet in case u have emergency + ppls helping u need to know u have pets at home.â€¦",[<ReferencedTweet id=1489254968942993413 type=retweeted],,
1489312060076920835,782436559467360257,2022-02-03 18:57:19+00:00,Beijing2022,RT @RepWexton: The Chinese government wants nothing more than the #Beijing2022 Olympics to distract the world from its human rights atrocitâ€¦,[<ReferencedTweet id=1489307339903676417 type=retweeted],,
1489305343570198541,782436559467360257,2022-02-03 18:30:38+00:00,,RT @sandibachom: So Michael Flynn has opened a new gofund me for the Canadian convoy which is blocking the border between US and Canada. Jaâ€¦,[<ReferencedTweet id=1489302411021893633 type=retweeted],,
1489304918833995776,782436559467360257,2022-02-03 18:28:57+00:00,,"RT @HoundsInPounds: â¤ï¸Please share!â¤ï¸

Will you be Chuckie's Valentine? 

This sweet boy is ready to find the perfect home and will make aâ€¦",[<ReferencedTweet id=1489301728860196869 type=retweeted],,
1488644013586628610,782436559467360257,2022-02-01 22:42:45+00:00,,RT @shannonrwatts: â€œWe'll say that again in case the overall Florida of it didn't hit. Police heard the man describe firing blindly into anâ€¦,[<ReferencedTweet id=1488522034233675779 type=retweeted],,
1488609540731981824,782436559467360257,2022-02-01 20:25:46+00:00,Complicit,"@EricBoehlert So, @Nate_Cohn is 1 of @nytimes writers writing the fluff pieces on trump that we all ðŸ™„ &amp; donâ€™t read or believe because we SEE &amp; HEAR trump being investigated for planning a coup &amp; almost succeeding. Try writing about saving our democracy Nate vs destroying it! #Complicit",[<ReferencedTweet id=1488529617057165325 type=replied_to],34643610,
1488599575338356738,782436559467360257,2022-02-01 19:46:10+00:00,,RT @LakotaMan1: Not all Blacks came to America as slaves. Some arrived with Europeans as free men. They took part in negotiations with Indiâ€¦,[<ReferencedTweet id=1488553493656846341 type=retweeted],,
1488586084535746567,782436559467360257,2022-02-01 18:52:33+00:00,baby,"RT @SheldrickTrust: Did you know that at our Nursery, the #baby elephants will sleep lying down. Fresh hay serving as the perfect mattressâ€¦",[<ReferencedTweet id=1488584231072808961 type=retweeted],,
1487842352706334721,782436559467360257,2022-01-30 17:37:14+00:00,,"RT @bridget123goooo: Ken Paxton, Attorney General of Texas was on the Steve Bannon podcast. He said this, and I quote, 

â€œWeâ€™re done in Texâ€¦",[<ReferencedTweet id=1487591210990645249 type=retweeted],,
1487530946454863872,782436559467360257,2022-01-29 20:59:49+00:00,,RT @chefjoseandres: The food relief ship is off to Tonga! Wish I could be there with @WCKitchen teamâ€¦but @natemook checked in from Fiji porâ€¦,[<ReferencedTweet id=1487499237784895489 type=retweeted],,
1487489979005685760,782436559467360257,2022-01-29 18:17:01+00:00,COVID19,RT @Laurie_Garrett: The world's most powerful X-ray device looks at the lung of a 54-year-old man who died of #COVID19 revealing massive daâ€¦,[<ReferencedTweet id=1487483307159920648 type=retweeted],,
1487232884847132674,782436559467360257,2022-01-29 01:15:25+00:00,,"RT @brianrayguitar: The only easy way to leave @Spotify is to remove your credit card payments in profile settings. 
They are getting swarmâ€¦",[<ReferencedTweet id=1486900006426603520 type=retweeted],,
1487128116216664066,782436559467360257,2022-01-28 18:19:07+00:00,,RT @LeviFetterman: u know i see a lot of â€œvery soon we have new puppyâ€ pictures + if u r buying from a breeder I hope u at least consider aâ€¦,[<ReferencedTweet id=1487094647210000398 type=retweeted],,
1486799017178763264,782436559467360257,2022-01-27 20:31:23+00:00,,"RT @SheldrickTrust: Water. All life on earth needs it but, increasingly, it is harder for animals to come by. In Kenya, we've worked with eâ€¦",[<ReferencedTweet id=1486798787289010184 type=retweeted],,
1486768379147042822,782436559467360257,2022-01-27 18:29:39+00:00,,RT @robertjlundberg: Author reveals how Peter Thiel helped Trump cut a deal with Facebook to evade fact checking | The Dworkin Report #DemVâ€¦,[<ReferencedTweet id=1486546461689094144 type=retweeted],,
1486763288356704264,782436559467360257,2022-01-27 18:09:25+00:00,DeathSantis,"@emanzi @notcapnamerica Yet despite that non-answer &amp; painful verbal stumbling &amp; long pauses, the FL senate republicans 100% approved him to lead the stateâ€™s health. All Democrats walked out, but Rs still had enough for quorum. What a joke #DeathSantis has made of Florida.",[<ReferencedTweet id=1486486181399388161 type=replied_to],16368162,
1486745446907265030,782436559467360257,2022-01-27 16:58:31+00:00,Auschwitz,"RT @AuschwitzMuseum: 77 years ago today over 7,000 prisoners of the German Nazi camp #Auschwitz, including some 700 children, were liberateâ€¦",[<ReferencedTweet id=1486625033694941189 type=retweeted],,
1486369076192686091,782436559467360257,2022-01-26 16:02:57+00:00,DeathSantis,@NikkiFried Heâ€™s a shill for @GovRonDeSantis  Check into his compensation: paid by FL taxpayers TWICE! Once from State of FL for usual Surgeon General (about 230-250k/yr) &amp; another 250k from UF Board of Regents because they are also in #DeathSantisâ€™s pocket. Why is that allowed?,[<ReferencedTweet id=1486349031878103041 type=replied_to],37190669,
1486055845377028097,782436559467360257,2022-01-25 19:18:17+00:00,"BA2,Omicron",RT @DrEricDing: NEWâ€”3 cases of the new #BA2 subvariant of #Omicron has been found in Texas. But itâ€™s again being stupidly downplayed by @CDâ€¦,[<ReferencedTweet id=1485831808189091843 type=retweeted],,
1486050121678790661,782436559467360257,2022-01-25 18:55:33+00:00,,"RT @SheldrickTrust: From baby to biggie, Thamana has come so far. This rescued orphan recently took a great step forward in his reintegratiâ€¦",[<ReferencedTweet id=1486047482081644545 type=retweeted],,
1486045276032933890,782436559467360257,2022-01-25 18:36:17+00:00,Auschwitz,RT @AuschwitzMuseum: Before the 77th anniversary of the liberation of #Auschwitz we bring together the most important facts about the lastâ€¦,[<ReferencedTweet id=1485932395375300614 type=retweeted],,
1486026282446073856,782436559467360257,2022-01-25 17:20:49+00:00,,"RT @sbernsteinmd: Hi, Iâ€™m Sarah. Iâ€™m 35 and a doctor. I also have a heart condition that puts me at an increased risk for serious complicatâ€¦",[<ReferencedTweet id=1485497789895233536 type=retweeted],,
1486010542955368448,782436559467360257,2022-01-25 16:18:16+00:00,DeathSantis,#DeathSantis willfully showing how ignorant he is. Again. DeSantis blasts FDA move to halt antibody drugs that donâ€™t work vs. omicron https://t.co/I12JZPQ17V,,,
1485683555887898628,782436559467360257,2022-01-24 18:38:57+00:00,,"RT @SheldrickTrust: Yatta was orphaned as a baby in 2002. At the time, we weren't sure if she'd survive the first months, as new-borns areâ€¦",[<ReferencedTweet id=1485666283249147912 type=retweeted],,
1485307218434084876,782436559467360257,2022-01-23 17:43:31+00:00,PedsICU,RT @WendyHassonMD: Feeling the surge in my #PedsICU. 60% of my census are kids admitted with COVID or MIS-C. All unvaccinated. Several intuâ€¦,[<ReferencedTweet id=1485031651180617728 type=retweeted],,
1484237154230415371,782436559467360257,2022-01-20 18:51:28+00:00,MLKDay,"RT @BerniceKing: 52 U.S. Senators blocked voting rights legislation.

Some of them tweeted on #MLKDay, while resolutely opposing legislatioâ€¦",[<ReferencedTweet id=1484226258846294017 type=retweeted],,
1483945192482877444,782436559467360257,2022-01-19 23:31:18+00:00,,RT @LakotaMan1: Natives â€œattemptingâ€ to register to vote in New Mexico in 1948. Some tribes were prohibited from voting until 1962 â€” we werâ€¦,[<ReferencedTweet id=1483871445956526082 type=retweeted],,
1483548696876916736,782436559467360257,2022-01-18 21:15:46+00:00,elephants,"RT @SheldrickTrust: Nestled among the big #elephants at our Voi Reintegration Unit, rescued orphan Lemeki has been shown a typical elephantâ€¦",[<ReferencedTweet id=1483537268749094922 type=retweeted],,
1483536991056797707,782436559467360257,2022-01-18 20:29:16+00:00,covid19,RT @ChelseaClinton: Great day to order *free* at-home #covid19 tests via @USPS! Please share widely (and order!): https://t.co/6ipCQZc09q,[<ReferencedTweet id=1483516677908217867 type=retweeted],,
1483445826328408066,782436559467360257,2022-01-18 14:27:00+00:00,"RaybanTerrorirst,ProudBoys,FAFO","RT @seditiontrack: [UPDATE] Mugshots for the latest Proud Boys arrested last week.  

AJ Fischer (aka #RaybanTerrorirst) #ProudBoys #FAFO hâ€¦",[<ReferencedTweet id=1483251874182619139 type=retweeted],,
1482955546743422976,782436559467360257,2022-01-17 05:58:48+00:00,,"RT @SheldrickTrust: Four years ago, we were called to rescue tiny tot Musiara. This lone orphan was caked in mud and too weak to stand. Weâ€¦",[<ReferencedTweet id=1482850191883575306 type=retweeted],,
1482804277416501250,782436559467360257,2022-01-16 19:57:43+00:00,BidenBoom,RT @BillPascrell: Say it with me: #BidenBoom https://t.co/a0LKSOsiYf,[<ReferencedTweet id=1482799435860033542 type=retweeted],,
1482800536692965378,782436559467360257,2022-01-16 19:42:51+00:00,,RT @SheldrickTrust: The Kibwezi Forest is a fresh water paradise bursting with life. But it wasn't always this way: Poaching and logging onâ€¦,[<ReferencedTweet id=1482789767649669128 type=retweeted],,
1482768043969294337,782436559467360257,2022-01-16 17:33:44+00:00,"Pittsburgh,LOSTCAT","RT @LeviFetterman: #Pittsburgh besties we have #LOSTCAT chuck (he look like jorts)!

he lost in southside near 12th st + Sarah st!",[<ReferencedTweet id=1482565969662906369 type=retweeted],,
1482427467944054792,782436559467360257,2022-01-15 19:00:25+00:00,,"RT @shannonrwatts: A 16-year-old boy working at a Wendyâ€™s in Phoenix, Arizona, was shot in the head tonight by a customer at the drive-thruâ€¦",[<ReferencedTweet id=1482183701966561281 type=retweeted],,
1480976805809033216,782436559467360257,2022-01-11 18:56:00+00:00,SCOTUS,"RT @adamliptak: Todayâ€™s #SCOTUS mask report:

Breyer and Sotomayor participated remotely.

Six of the seven remaining justices wore masks fâ€¦",[<ReferencedTweet id=1480952676208857091 type=retweeted],,
1480973977598279680,782436559467360257,2022-01-11 18:44:46+00:00,"COVID19,PS5",RT @DrJasonJohnson: We're in year two of the #COVID19 pandemic....Why is it easier to get a #PS5 than one of these....?,[<ReferencedTweet id=1480948714936045569 type=retweeted],,
1480972135170461697,782436559467360257,2022-01-11 18:37:26+00:00,10YearChallenge,"RT @DirectorJiYoung: #10YearChallenge 

2012 minimum wage: $7.25
2022 minimum wage: $7.25 

2012 average rent: $886
2022 average rent: $1,5â€¦",[<ReferencedTweet id=1480684388132216839 type=retweeted],,
1480756841424756738,782436559467360257,2022-01-11 04:21:56+00:00,,"RT @chefjoseandres: My thoughts are with everyone in The Bronx todayâ€¦Glad @WCKitchen could do our small part delivering almost 2,000 mealsâ€¦",[<ReferencedTweet id=1480733880613318656 type=retweeted],,
1480508276945133572,782436559467360257,2022-01-10 11:54:14+00:00,elephants,"RT @SheldrickTrust: For baby #elephants, playtime isnâ€™t only fun, its also  a great way to learn social skills.

So remember to be playful!â€¦",[<ReferencedTweet id=1480464571559198724 type=retweeted],,
1479990974524833796,782436559467360257,2022-01-09 01:38:39+00:00,COVID19,"RT @DrEricDing: ðŸ“NEWâ€”Djokovic was photographed maskless on the day he tested #COVID19 positive, and was seen not isolating the day after poâ€¦",[<ReferencedTweet id=1479963614790524928 type=retweeted],,
1479928397992280069,782436559467360257,2022-01-08 21:30:00+00:00,elephant,RT @SheldrickTrust: Under all that mud is happy little Esoit. This carefree #elephant is described by his Keepers as social and sweet. He'sâ€¦,[<ReferencedTweet id=1479921000531824649 type=retweeted],,
1479878630406774784,782436559467360257,2022-01-08 18:12:14+00:00,,RT @grantstern: A banner airplane is flying all over South Beach and downtown Miami criticizing Florida Governor Ron DeSantis for letting aâ€¦,[<ReferencedTweet id=1479866818412126208 type=retweeted],,
1479561564936146956,782436559467360257,2022-01-07 21:12:20+00:00,,"RT @LukeMixonLA: ðŸ‘‹ Iâ€™m Luke Mixon, a Naval Academy grad and veteran fighter pilot. Now, Iâ€™m running for Senate against John Kennedyâ€”the ONLâ€¦",[<ReferencedTweet id=1479277649457467393 type=retweeted],,
1478450263014977542,782436559467360257,2022-01-04 19:36:25+00:00,Epstein,"RT @MichellesDude: Jeff #Epstein   
Dalton School
Donald Barr
Donald Trump
Trump Models
John Casablancas
Ivanka 
Underage models
Human trafâ€¦",[<ReferencedTweet id=1476410753808838660 type=retweeted],,
1478443753488666633,782436559467360257,2022-01-04 19:10:33+00:00,,"RT @HoundsInPounds: NY/NJ: Please shareEugene -- our handsome hippo, chunky hunk, certified fun and definitely a Hounds in Pounds team favoâ€¦",[<ReferencedTweet id=1478424361719713796 type=retweeted],,
1478433609690267650,782436559467360257,2022-01-04 18:30:15+00:00,BenFrazier,RT @grantstern: Why is Floridaâ€™s Governor terrified of answering questions from #BenFrazier?,[<ReferencedTweet id=1478428108902608901 type=retweeted],,
1478430081164972035,782436559467360257,2022-01-04 18:16:13+00:00,BenFrazier,RT @DWUhlfelderLaw: #BenFrazier needs to trend!,[<ReferencedTweet id=1478400215770091520 type=retweeted],,
1478413362430156804,782436559467360257,2022-01-04 17:09:47+00:00,DeathSantis,Shutting down the press. Again. This is #DeathSantis in Florida people. Ask an appropriate question at a presser &amp; risk getting kicked out or arrested. Right @grantstern ? https://t.co/n35J1DrNDV,[<ReferencedTweet id=1478398306262917125 type=quoted],,
1477733354724376586,782436559467360257,2022-01-02 20:07:41+00:00,FosterFarmLife,"RT @FosterFarmPGH: This is us!
#FosterFarmLife  https://t.co/3b1uLbyjwK",[<ReferencedTweet id=1476790197325082625 type=retweeted],,
1477712017570078730,782436559467360257,2022-01-02 18:42:54+00:00,,RT @MalcolmNance: WARNING: 2022 election will determine if American Democracy survives. It will show if dictatorship takes America. The GOPâ€¦,[<ReferencedTweet id=1477608995066101776 type=retweeted],,
1477340631685124103,782436559467360257,2022-01-01 18:07:08+00:00,,RT @DrEricDing: ðŸ“REJECTING THE CDC ISOLATION RULEâ€”TaiwanðŸ‡¹ðŸ‡¼â€™s Central Epidemic Command announced it will not follow @CDCgov guidance on shorâ€¦,[<ReferencedTweet id=1477311536360267788 type=retweeted],,
